-- ===== USERS =====
INSERT INTO "User" (user_id, first_name, last_name, email, password_hash, phone_number, role, created_at) VALUES
('7f3f7f10-1d3d-4d1a-9f11-3d7f1c01a001','Ava','Admin','ava.admin@example.com','$2y$10$hashAva','+1-555-100-0001','admin',CURRENT_TIMESTAMP),
('b6b2a4a1-2b22-4b51-8b30-1a1f2c00a002','Henry','Host','henry.host@example.com','$2y$10$hashHenry','+1-555-200-0002','host',CURRENT_TIMESTAMP),
('e2a9d311-3c33-4c62-9c41-2b2f3d00a003','Helen','Host','helen.host@example.com','$2y$10$hashHelen','+1-555-200-0003','host',CURRENT_TIMESTAMP),
('1d3c5a22-4d44-4d73-8b52-3c3f4e00a004','Omar','Host','omar.host@example.com','$2y$10$hashOmar','+1-555-200-0004','host',CURRENT_TIMESTAMP),
('2e4f6b33-5e55-4e84-9c63-4d405f00a005','Priya','Host','priya.host@example.com','$2y$10$hashPriya','+1-555-200-0005','host',CURRENT_TIMESTAMP),
('3f507c44-6f66-4f95-8d74-5e516000a006','Grace','Guest','grace.guest@example.com','$2y$10$hashGrace','+1-555-300-0006','guest',CURRENT_TIMESTAMP),
('4a618d55-7a77-4096-9e85-6f627100a007','Ben','Guest','ben.guest@example.com','$2y$10$hashBen','+1-555-300-0007','guest',CURRENT_TIMESTAMP),
('5b729e66-8b88-4197-8f96-70838200a008','Chen','Guest','chen.guest@example.com','$2y$10$hashChen','+1-555-300-0008','guest',CURRENT_TIMESTAMP),
('6c83af77-9c99-4298-90a7-81949300a009','Diego','Guest','diego.guest@example.com','$2y$10$hashDiego','+1-555-300-0009','guest',CURRENT_TIMESTAMP),
('7d94b088-ad0a-4399-91b8-92a5a400a00a','Fatima','Guest','fatima.guest@example.com','$2y$10$hashFatima','+1-555-300-0010','guest',CURRENT_TIMESTAMP);

-- ===== PROPERTIES =====
INSERT INTO "Property" (property_id, host_id, name, description, location, pricepernight, created_at, updated_at) VALUES
('p0000001-1111-4111-8111-000000000001','b6b2a4a1-2b22-4b51-8b30-1a1f2c00a002','Downtown Loft','Modern loft near central station','New York, USA',120.00,CURRENT_TIMESTAMP,CURRENT_TIMESTAMP),
('p0000002-1111-4111-8111-000000000002','b6b2a4a1-2b22-4b51-8b30-1a1f2c00a002','Cozy Studio','Quiet studio perfect for couples','Boston, USA',85.00,CURRENT_TIMESTAMP,CURRENT_TIMESTAMP),
('p0000003-1111-4111-8111-000000000003','e2a9d311-3c33-4c62-9c41-2b2f3d00a003','Beach Bungalow','Steps from the beach with patio','Miami, USA',150.00,CURRENT_TIMESTAMP,CURRENT_TIMESTAMP),
('p0000004-1111-4111-8111-000000000004','e2a9d311-3c33-4c62-9c41-2b2f3d00a003','Art District Flat','Bright flat in artsy neighborhood','Los Angeles, USA',135.00,CURRENT_TIMESTAMP,CURRENT_TIMESTAMP),
('p0000005-1111-4111-8111-000000000005','1d3c5a22-4d44-4d73-8b52-3c3f4e00a004','Old Town Apartment','Walk to cafes and riverfront','Chicago, USA',110.00,CURRENT_TIMESTAMP,CURRENT_TIMESTAMP),
('p0000006-1111-4111-8111-000000000006','1d3c5a22-4d44-4d73-8b52-3c3f4e00a004','Mountain Cabin','Secluded cabin with fireplace','Aspen, USA',175.00,CURRENT_TIMESTAMP,CURRENT_TIMESTAMP),
('p0000007-1111-4111-8111-000000000007','2e4f6b33-5e55-4e84-9c63-4d405f00a005','City View Condo','Skyline views and gym access','Toronto, Canada',140.00,CURRENT_TIMESTAMP,CURRENT_TIMESTAMP),
('p0000008-1111-4111-8111-000000000008','2e4f6b33-5e55-4e84-9c63-4d405f00a005','Garden Suite','Ground-floor suite with garden','Vancouver, Canada',130.00,CURRENT_TIMESTAMP,CURRENT_TIMESTAMP),
('p0000009-1111-4111-8111-000000000009','b6b2a4a1-2b22-4b51-8b30-1a1f2c00a002','Suburban House','Family home near parks','Newark, USA',95.00,CURRENT_TIMESTAMP,CURRENT_TIMESTAMP),
('p000000a-1111-4111-8111-00000000000a','e2a9d311-3c33-4c62-9c41-2b2f3d00a003','Lake Cottage','Dock access and canoe included','Madison, USA',125.00,CURRENT_TIMESTAMP,CURRENT_TIMESTAMP),
('p000000b-1111-4111-8111-00000000000b','1d3c5a22-4d44-4d73-8b52-3c3f4e00a004','Business Hotel Room','Near convention center','Houston, USA',115.00,CURRENT_TIMESTAMP,CURRENT_TIMESTAMP),
('p000000c-1111-4111-8111-00000000000c','2e4f6b33-5e55-4e84-9c63-4d405f00a005','Desert Retreat','Minimalist home in desert','Phoenix, USA',145.00,CURRENT_TIMESTAMP,CURRENT_TIMESTAMP);

-- ===== BOOKINGS =====
INSERT INTO "Booking" (booking_id, property_id, user_id, start_date, end_date, total_price, status, created_at) VALUES
('b0000001-aaaa-4aaa-8aaa-000000000001','p0000001-1111-4111-8111-000000000001','3f507c44-6f66-4f95-8d74-5e516000a006','2025-01-10','2025-01-13',360.00,'confirmed',CURRENT_TIMESTAMP), -- 3 nights * 120
('b0000002-aaaa-4aaa-8aaa-000000000002','p0000003-1111-4111-8111-000000000003','4a618d55-7a77-4096-9e85-6f627100a007','2025-02-05','2025-02-09',600.00,'confirmed',CURRENT_TIMESTAMP), -- 4 *150
('b0000003-aaaa-4aaa-8aaa-000000000003','p0000004-1111-4111-8111-000000000004','5b729e66-8b88-4197-8f96-70838200a008','2025-03-01','2025-03-04',405.00,'pending',CURRENT_TIMESTAMP),   -- 3 *135
('b0000004-aaaa-4aaa-8aaa-000000000004','p0000006-1111-4111-8111-000000000006','6c83af77-9c99-4298-90a7-81949300a009','2025-12-20','2025-12-24',700.00,'confirmed',CURRENT_TIMESTAMP), -- 4 *175
('b0000005-aaaa-4aaa-8aaa-000000000005','p0000002-1111-4111-8111-000000000002','7d94b088-ad0a-4399-91b8-92a5a400a00a','2025-04-10','2025-04-13',255.00,'canceled',CURRENT_TIMESTAMP),  -- 3 *85
('b0000006-aaaa-4aaa-8aaa-000000000006','p0000007-1111-4111-8111-000000000007','3f507c44-6f66-4f95-8d74-5e516000a006','2025-05-15','2025-05-18',420.00,'confirmed',CURRENT_TIMESTAMP), -- 3 *140
('b0000007-aaaa-4aaa-8aaa-000000000007','p0000008-1111-4111-8111-000000000008','4a618d55-7a77-4096-9e85-6f627100a007','2025-06-01','2025-06-05',520.00,'confirmed',CURRENT_TIMESTAMP), -- 4 *130
('b0000008-aaaa-4aaa-8aaa-000000000008','p0000005-1111-4111-8111-000000000005','5b729e66-8b88-4197-8f96-70838200a008','2025-06-20','2025-06-22',220.00,'confirmed',CURRENT_TIMESTAMP), -- 2 *110
('b0000009-aaaa-4aaa-8aaa-000000000009','p0000009-1111-4111-8111-000000000009','6c83af77-9c99-4298-90a7-81949300a009','2025-07-03','2025-07-07',380.00,'confirmed',CURRENT_TIMESTAMP), -- 4 *95
('b000000a-aaaa-4aaa-8aaa-00000000000a','p000000a-1111-4111-8111-00000000000a','7d94b088-ad0a-4399-91b8-92a5a400a00a','2025-08-10','2025-08-15',625.00,'confirmed',CURRENT_TIMESTAMP), -- 5 *125
('b000000b-aaaa-4aaa-8aaa-00000000000b','p000000b-1111-4111-8111-00000000000b','4a618d55-7a77-4096-9e85-6f627100a007','2025-09-12','2025-09-14',230.00,'confirmed',CURRENT_TIMESTAMP), -- 2 *115
('b000000c-aaaa-4aaa-8aaa-00000000000c','p000000c-1111-4111-8111-00000000000c','5b729e66-8b88-4197-8f96-70838200a008','2025-10-01','2025-10-04',435.00,'pending',CURRENT_TIMESTAMP),   -- 3 *145
('b000000d-aaaa-4aaa-8aaa-00000000000d','p0000001-1111-4111-8111-000000000001','6c83af77-9c99-4298-90a7-81949300a009','2025-11-05','2025-11-07',240.00,'confirmed',CURRENT_TIMESTAMP), -- 2 *120
('b000000e-aaaa-4aaa-8aaa-00000000000e','p0000004-1111-4111-8111-000000000004','3f507c44-6f66-4f95-8d74-5e516000a006','2025-03-20','2025-03-23',405.00,'confirmed',CURRENT_TIMESTAMP), -- 3 *135
('b000000f-aaaa-4aaa-8aaa-00000000000f','p0000007-1111-4111-8111-000000000007','7d94b088-ad0a-4399-91b8-92a5a400a00a','2025-05-01','2025-05-04',420.00,'canceled',CURRENT_TIMESTAMP),  -- 3 *140
('b0000010-aaaa-4aaa-8aaa-000000000010','p0000008-1111-4111-8111-000000000008','6c83af77-9c99-4298-90a7-81949300a009','2025-06-10','2025-06-12',260.00,'confirmed',CURRENT_TIMESTAMP), -- 2 *130
('b0000011-aaaa-4aaa-8aaa-000000000011','p0000005-1111-4111-8111-000000000005','4a618d55-7a77-4096-9e85-6f627100a007','2025-06-25','2025-06-28',330.00,'confirmed',CURRENT_TIMESTAMP), -- 3 *110
('b0000012-aaaa-4aaa-8aaa-000000000012','p0000002-1111-4111-8111-000000000002','5b729e66-8b88-4197-8f96-70838200a008','2025-04-15','2025-04-17',170.00,'confirmed',CURRENT_TIMESTAMP); -- 2 *85

-- ===== PAYMENTS =====
INSERT INTO "Payment" (payment_id, booking_id, amount, payment_date, payment_method) VALUES
('pay00001-2222-4222-8222-000000000001','b0000001-aaaa-4aaa-8aaa-000000000001',360.00,'2025-01-05 10:00:00','credit_card'),
('pay00002-2222-4222-8222-000000000002','b0000002-aaaa-4aaa-8aaa-000000000002',600.00,'2025-01-30 12:00:00','stripe'),
('pay00003-2222-4222-8222-000000000003','b0000003-aaaa-4aaa-8aaa-000000000003',0.00,'2025-02-20 09:00:00','paypal'),         -- pending booking, auth hold
('pay00004-2222-4222-8222-000000000004','b0000004-aaaa-4aaa-8aaa-000000000004',700.00,'2025-12-01 08:00:00','credit_card'),
('pay00005-2222-4222-8222-000000000005','b0000005-aaaa-4aaa-8aaa-000000000005',0.00,'2025-03-25 08:00:00','paypal'),          -- canceled later
('pay00006-2222-4222-8222-000000000006','b0000006-aaaa-4aaa-8aaa-000000000006',420.00,'2025-05-10 10:30:00','stripe'),
('pay00007-2222-4222-8222-000000000007','b0000007-aaaa-4aaa-8aaa-000000000007',520.00,'2025-05-20 11:15:00','credit_card'),
('pay00008-2222-4222-8222-000000000008','b0000008-aaaa-4aaa-8aaa-000000000008',220.00,'2025-06-10 14:00:00','paypal'),
('pay00009-2222-4222-8222-000000000009','b0000009-aaaa-4aaa-8aaa-000000000009',380.00,'2025-06-20 15:45:00','credit_card'),
('pay0000a-2222-4222-8222-00000000000a','b000000a-aaaa-4aaa-8aaa-00000000000a',625.00,'2025-07-25 09:20:00','stripe'),
('pay0000b-2222-4222-8222-00000000000b','b000000b-aaaa-4aaa-8aaa-00000000000b',230.00,'2025-08-20 16:05:00','paypal'),
('pay0000c-2222-4222-8222-00000000000c','b000000c-aaaa-4aaa-8aaa-00000000000c',0.00,'2025-09-10 12:30:00','credit_card'),     -- pending
('pay0000d-2222-4222-8222-00000000000d','b000000d-aaaa-4aaa-8aaa-00000000000d',240.00,'2025-10-20 13:10:00','credit_card'),
('pay0000e-2222-4222-8222-00000000000e','b000000e-aaaa-4aaa-8aaa-00000000000e',405.00,'2025-03-05 11:00:00','stripe'),
('pay0000f-2222-4222-8222-00000000000f','b000000f-aaaa-4aaa-8aaa-00000000000f',0.00,'2025-04-20 11:00:00','paypal'),          -- canceled
('pay00010-2222-4222-8222-000000000010','b0000010-aaaa-4aaa-8aaa-000000000010',260.00,'2025-05-30 08:25:00','credit_card'),
('pay00011-2222-4222-8222-000000000011','b0000011-aaaa-4aaa-8aaa-000000000011',330.00,'2025-06-10 10:25:00','stripe'),
('pay00012-2222-4222-8222-000000000012','b0000012-aaaa-4aaa-8aaa-000000000012',170.00,'2025-04-01 10:00:00','paypal');

-- ===== REVIEWS =====
INSERT INTO "Review" (review_id, property_id, user_id, rating, comment, created_at) VALUES
('r0000001-3333-4333-8333-000000000001','p0000001-1111-4111-8111-000000000001','3f507c44-6f66-4f95-8d74-5e516000a006',5,'Great location and clean space',CURRENT_TIMESTAMP),
('r0000002-3333-4333-8333-000000000002','p0000003-1111-4111-8111-000000000003','4a618d55-7a77-4096-9e85-6f627100a007',4,'Beach access was perfect',CURRENT_TIMESTAMP),
('r0000003-3333-4333-8333-000000000003','p0000006-1111-4111-8111-000000000006','6c83af77-9c99-4298-90a7-81949300a009',5,'Cozy fireplace. Would return',CURRENT_TIMESTAMP),
('r0000004-3333-4333-8333-000000000004','p0000002-1111-4111-8111-000000000002','7d94b088-ad0a-4399-91b8-92a5a400a00a',3,'Small but fine for a weekend',CURRENT_TIMESTAMP),
('r0000005-3333-4333-8333-000000000005','p0000007-1111-4111-8111-000000000007','3f507c44-6f66-4f95-8d74-5e516000a006',5,'Great views and gym',CURRENT_TIMESTAMP),
('r0000006-3333-4333-8333-000000000006','p0000008-1111-4111-8111-000000000008','4a618d55-7a77-4096-9e85-6f627100a007',4,'Nice garden and quiet area',CURRENT_TIMESTAMP),
('r0000007-3333-4333-8333-000000000007','p0000005-1111-4111-8111-000000000005','5b729e66-8b88-4197-8f96-70838200a008',4,'Close to river walk',CURRENT_TIMESTAMP),
('r0000008-3333-4333-8333-000000000008','p0000009-1111-4111-8111-000000000009','6c83af77-9c99-4298-90a7-81949300a009',5,'Family-friendly neighborhood',CURRENT_TIMESTAMP),
('r0000009-3333-4333-8333-000000000009','p000000a-1111-4111-8111-00000000000a','7d94b088-ad0a-4399-91b8-92a5a400a00a',5,'Loved the lake and canoe',CURRENT_TIMESTAMP),
('r000000a-3333-4333-8333-00000000000a','p000000b-1111-4111-8111-00000000000b','4a618d55-7a77-4096-9e85-6f627100a007',4,'Convenient for conferences',CURRENT_TIMESTAMP),
('r000000b-3333-4333-8333-00000000000b','p0000004-1111-4111-8111-000000000004','3f507c44-6f66-4f95-8d74-5e516000a006',5,'Artsy area. Good host',CURRENT_TIMESTAMP),
('r000000c-3333-4333-8333-00000000000c','p0000001-1111-4111-8111-000000000001','6c83af77-9c99-4298-90a7-81949300a009',4,'Quick check-in. Clean',CURRENT_TIMESTAMP),
('r000000d-3333-4333-8333-00000000000d','p0000007-1111-4111-8111-000000000007','7d94b088-ad0a-4399-91b8-92a5a400a00a',2,'Canceled trip. No stay',CURRENT_TIMESTAMP),
('r000000e-3333-4333-8333-00000000000e','p0000008-1111-4111-8111-000000000008','6c83af77-9c99-4298-90a7-81949300a009',5,'Short stay but excellent',CURRENT_TIMESTAMP),
('r000000f-3333-4333-8333-00000000000f','p0000005-1111-4111-8111-000000000005','4a618d55-7a77-4096-9e85-6f627100a007',4,'Comfortable beds',CURRENT_TIMESTAMP),
('r0000010-3333-4333-8333-000000000010','p0000002-1111-4111-8111-000000000002','5b729e66-8b88-4197-8f96-70838200a008',5,'Great value',CURRENT_TIMESTAMP),
('r0000011-3333-4333-8333-000000000011','p0000003-1111-4111-8111-000000000003','3f507c44-6f66-4f95-8d74-5e516000a006',4,'Sunrise views',CURRENT_TIMESTAMP),
('r0000012-3333-4333-8333-000000000012','p000000a-1111-4111-8111-00000000000a','7d94b088-ad0a-4399-91b8-92a5a400a00a',5,'Peaceful nights',CURRENT_TIMESTAMP),
('r0000013-3333-4333-8333-000000000013','p0000009-1111-4111-8111-000000000009','6c83af77-9c99-4298-90a7-81949300a009',5,'Good for kids',CURRENT_TIMESTAMP),
('r0000014-3333-4333-8333-000000000014','p000000b-1111-4111-8111-00000000000b','4a618d55-7a77-4096-9e85-6f627100a007',4,'Walkable area',CURRENT_TIMESTAMP),
('r0000015-3333-4333-8333-000000000015','p0000006-1111-4111-8111-000000000006','6c83af77-9c99-4298-90a7-81949300a009',5,'Perfect winter escape',CURRENT_TIMESTAMP),
('r0000016-3333-4333-8333-000000000016','p000000c-1111-4111-8111-00000000000c','5b729e66-8b88-4197-8f96-70838200a008',4,'Unique design',CURRENT_TIMESTAMP),
('r0000017-3333-4333-8333-000000000017','p0000004-1111-4111-8111-000000000004','5b729e66-8b88-4197-8f96-70838200a008',3,'Pending stay review',CURRENT_TIMESTAMP),
('r0000018-3333-4333-8333-000000000018','p0000001-1111-4111-8111-000000000001','3f507c44-6f66-4f95-8d74-5e516000a006',5,'Second time. Still great',CURRENT_TIMESTAMP);

-- ===== MESSAGES =====
INSERT INTO "Message" (message_id, sender_id, recipient_id, message_body, sent_at) VALUES
('m0000001-4444-4444-8444-000000000001','3f507c44-6f66-4f95-8d74-5e516000a006','b6b2a4a1-2b22-4b51-8b30-1a1f2c00a002','Hi Henry, is early check-in possible?','2025-01-02 09:00:00'),
('m0000002-4444-4444-8444-000000000002','b6b2a4a1-2b22-4b51-8b30-1a1f2c00a002','3f507c44-6f66-4f95-8d74-5e516000a006','Yes, from 1 PM works.','2025-01-02 09:15:00'),
('m0000003-4444-4444-8444-000000000003','4a618d55-7a77-4096-9e85-6f627100a007','e2a9d311-3c33-4c62-9c41-2b2f3d00a003','Do you provide beach towels?','2025-01-20 10:00:00'),
('m0000004-4444-4444-8444-000000000004','e2a9d311-3c33-4c62-9c41-2b2f3d00a003','4a618d55-7a77-4096-9e85-6f627100a007','Yes, towels are included.','2025-01-20 10:05:00'),
('m0000005-4444-4444-8444-000000000005','5b729e66-8b88-4197-8f96-70838200a008','1d3c5a22-4d44-4d73-8b52-3c3f4e00a004','Is there parking near the flat?','2025-02-15 08:30:00'),
('m0000006-4444-4444-8444-000000000006','1d3c5a22-4d44-4d73-8b52-3c3f4e00a004','5b729e66-8b88-4197-8f96-70838200a008','Street parking is available.','2025-02-15 08:40:00'),
('m0000007-4444-4444-8444-000000000007','6c83af77-9c99-4298-90a7-81949300a009','1d3c5a22-4d44-4d73-8b52-3c3f4e00a004','Any snow chains needed for the cabin?','2025-11-15 07:55:00'),
('m0000008-4444-4444-8444-000000000008','1d3c5a22-4d44-4d73-8b52-3c3f4e00a004','6c83af77-9c99-4298-90a7-81949300a009','No, road is regularly plowed.','2025-11-15 08:05:00'),
('m0000009-4444-4444-8444-000000000009','7d94b088-ad0a-4399-91b8-92a5a400a00a','2e4f6b33-5e55-4e84-9c63-4d405f00a005','Is late checkout possible?','2025-07-20 12:00:00'),
('m000000a-4444-4444-8444-00000000000a','2e4f6b33-5e55-4e84-9c63-4d405f00a005','7d94b088-ad0a-4399-91b8-92a5a400a00a','Yes, up to 12 PM.','2025-07-20 12:10:00'),
('m000000b-4444-4444-8444-00000000000b','4a618d55-7a77-4096-9e85-6f627100a007','e2a9d311-3c33-4c62-9c41-2b2f3d00a003','We will arrive around 6 PM.','2025-05-28 17:00:00'),
('m000000c-4444-4444-8444-00000000000c','e2a9d311-3c33-4c62-9c41-2b2f3d00a003','4a618d55-7a77-4096-9e85-6f627100a007','Noted. Door code will be sent.','2025-05-28 17:05:00'),
('m000000d-4444-4444-8444-00000000000d','3f507c44-6f66-4f95-8d74-5e516000a006','e2a9d311-3c33-4c62-9c41-2b2f3d00a003','Can we store luggage after checkout?','2025-03-18 09:15:00'),
('m000000e-4444-4444-8444-00000000000e','e2a9d311-3c33-4c62-9c41-2b2f3d00a003','3f507c44-6f66-4f95-8d74-5e516000a006','Yes, until 3 PM.','2025-03-18 09:25:00'),
('m000000f-4444-4444-8444-00000000000f','6c83af77-9c99-4298-90a7-81949300a009','b6b2a4a1-2b22-4b51-8b30-1a1f2c00a002','Where to pick up keys?','2025-11-01 13:00:00'),
('m0000010-4444-4444-8444-000000000010','b6b2a4a1-2b22-4b51-8b30-1a1f2c00a002','6c83af77-9c99-4298-90a7-81949300a009','Smart lock. Code in app.','2025-11-01 13:10:00'),
('m0000011-4444-4444-8444-000000000011','5b729e66-8b88-4197-8f96-70838200a008','2e4f6b33-5e55-4e84-9c63-4d405f00a005','Is the garden pet-friendly?','2025-06-18 08:00:00'),
('m0000012-4444-4444-8444-000000000012','2e4f6b33-5e55-4e84-9c63-4d405f00a005','5b729e66-8b88-4197-8f96-70838200a008','Yes, small pets allowed.','2025-06-18 08:05:00'),
('m0000013-4444-4444-8444-000000000013','7d94b088-ad0a-4399-91b8-92a5a400a00a','1d3c5a22-4d44-4d73-8b52-3c3f4e00a004','Any airport shuttle?','2025-09-05 11:20:00'),
('m0000014-4444-4444-8444-000000000014','1d3c5a22-4d44-4d73-8b52-3c3f4e00a004','7d94b088-ad0a-4399-91b8-92a5a400a00a','No shuttle. Rideshare recommended.','2025-09-05 11:25:00'),
('m0000015-4444-4444-8444-000000000015','4a618d55-7a77-4096-9e85-6f627100a007','b6b2a4a1-2b22-4b51-8b30-1a1f2c00a002','Can we add a crib?','2025-06-28 14:00:00'),
('m0000016-4444-4444-8444-000000000016','b6b2a4a1-2b22-4b51-8b30-1a1f2c00a002','4a618d55-7a77-4096-9e85-6f627100a007','Yes. No extra charge.','2025-06-28 14:10:00'),
('m0000017-4444-4444-8444-000000000017','3f507c44-6f66-4f95-8d74-5e516000a006','e2a9d311-3c33-4c62-9c41-2b2f3d00a003','Door code not working.','2025-03-20 18:05:00'),
('m0000018-4444-4444-8444-000000000018','e2a9d311-3c33-4c62-9c41-2b2f3d00a003','3f507c44-6f66-4f95-8d74-5e516000a006','Resetting now. Try 4821.','2025-03-20 18:07:00');

-- ===== OPTIONAL: MORE SEED VARIETY =====
INSERT INTO "Booking" (booking_id, property_id, user_id, start_date, end_date, total_price, status, created_at) VALUES
('b0000013-aaaa-4aaa-8aaa-000000000013','p0000003-1111-4111-8111-000000000003','7d94b088-ad0a-4399-91b8-92a5a400a00a','2025-02-18','2025-02-21',450.00,'confirmed',CURRENT_TIMESTAMP), -- 3 *150
('b0000014-aaaa-4aaa-8aaa-000000000014','p000000c-1111-4111-8111-00000000000c','4a618d55-7a77-4096-9e85-6f627100a007','2025-10-10','2025-10-13',435.00,'confirmed',CURRENT_TIMESTAMP), -- 3 *145
('b0000015-aaaa-4aaa-8aaa-000000000015','p0000006-1111-4111-8111-000000000006','5b729e66-8b88-4197-8f96-70838200a008','2025-12-27','2025-12-30',525.00,'confirmed',CURRENT_TIMESTAMP); -- 3 *175

INSERT INTO "Payment" (payment_id, booking_id, amount, payment_date, payment_method) VALUES
('pay00013-2222-4222-8222-000000000013','b0000013-aaaa-4aaa-8aaa-000000000013',450.00,'2025-02-10 10:00:00','credit_card'),
('pay00014-2222-4222-8222-000000000014','b0000014-aaaa-4aaa-8aaa-000000000014',435.00,'2025-09-28 10:00:00','paypal'),
('pay00015-2222-4222-8222-000000000015','b0000015-aaaa-4aaa-8aaa-000000000015',525.00,'2025-12-10 10:00:00','stripe');

INSERT INTO "Review" (review_id, property_id, user_id, rating, comment, created_at) VALUES
('r0000019-3333-4333-8333-000000000019','p0000003-1111-4111-8111-000000000003','7d94b088-ad0a-4399-91b8-92a5a400a00a',5,'Fantastic beach stay',CURRENT_TIMESTAMP),
('r000001a-3333-4333-8333-00000000001a','p000000c-1111-4111-8111-00000000000c','4a618d55-7a77-4096-9e85-6f627100a007',4,'Desert nights are quiet',CURRENT_TIMESTAMP),
('r000001b-3333-4333-8333-00000000001b','p0000006-1111-4111-8111-000000000006','5b729e66-8b88-4197-8f96-70838200a008',5,'Great for skiing',CURRENT_TIMESTAMP);

